"PlotID","BA","BM"
"Plot1",1.14372545908976,4.16789995678616
"Plot2",0.968142861081804,3.46582309193333
